createdAt,author,number
2010-09-18 23:30:19,praet,18
2011-02-27 09:58:04,cypok,22
2011-03-05 23:02:08,afh,23
2011-04-06 18:20:36,vanicat,25
2011-05-09 18:07:19,kljohann,26
2011-07-19 01:10:42,bettse,29
2011-08-02 19:54:47,simonmichael,34
2011-08-28 15:36:24,danp,37
2011-09-01 22:40:09,dgilman,38
2011-10-03 04:19:20,enderw88,41
2011-10-26 22:37:36,enderw88,43
2011-11-04 00:10:09,etihwnad,45
2011-11-04 03:34:52,enderw88,46
2011-12-09 02:56:53,kennym,49
2011-12-29 20:30:23,slackorama,52
2012-01-23 00:33:58,simonmichael,54
2012-02-29 14:17:17,bzg,56
2012-03-05 22:14:33,plathrop,57
2012-03-18 15:02:36,munkee,60
2012-04-22 13:50:22,kljohann,64
2012-05-26 15:40:20,egh,66
2012-08-14 05:27:54,hwright,74
2012-09-06 17:01:48,bkuhn,75
2012-09-06 20:16:13,bkuhn,76
2012-09-06 23:28:23,bkuhn,77
2012-09-06 23:36:45,bkuhn,78
2012-09-08 18:41:24,bkuhn,79
2012-09-08 18:49:24,bkuhn,80
2012-09-10 04:10:25,bkuhn,81
2012-09-14 21:07:02,bkuhn,82
2012-09-30 18:58:32,bkuhn,84
2012-10-13 13:26:21,kljohann,88
2012-10-13 17:40:30,kljohann,89
2012-10-15 18:52:16,rladams,90
2012-10-22 08:20:36,kljohann,91
2012-10-23 10:17:42,kljohann,92
2012-10-23 20:12:15,enderw88,93
2012-10-23 21:15:55,enderw88,94
2012-10-25 17:47:19,enderw88,95
2012-10-26 05:31:21,enderw88,96
2012-10-26 20:35:05,enderw88,97
2012-10-31 18:56:26,kfogel,99
2012-10-31 19:08:42,kfogel,100
2012-10-31 19:32:46,kfogel,101
2012-11-01 20:29:59,enderw88,102
2012-11-06 17:03:50,csrhodes,104
2012-11-10 11:00:23,afh,106
2012-11-10 11:06:09,afh,107
2012-11-19 22:15:33,afh,108
2012-11-26 18:40:17,bkuhn,109
2012-11-26 18:57:22,bkuhn,110
2012-12-08 15:19:29,kljohann,112
2012-12-16 21:39:57,kfogel,113
2013-01-03 18:44:51,bkuhn,114
2013-01-08 03:29:50,enderw88,115
2013-01-08 22:37:53,kljohann,116
2013-01-10 03:00:26,enderw88,117
2013-01-11 05:18:26,enderw88,118
2013-01-14 20:41:25,kljohann,119
2013-01-14 22:03:13,kljohann,120
2013-01-14 22:43:01,kljohann,121
2013-01-16 19:49:11,enderw88,122
2013-01-17 11:26:15,kljohann,123
2013-01-17 16:30:32,enderw88,124
2013-01-18 19:36:41,enderw88,125
2013-01-29 04:42:38,enderw88,127
2013-01-29 13:47:17,enderw88,128
2013-01-29 13:53:17,enderw88,129
2013-01-29 15:53:54,enderw88,130
2013-01-29 17:05:00,enderw88,131
2013-01-29 17:06:19,enderw88,132
2013-01-29 17:32:16,enderw88,133
2013-01-29 18:28:07,enderw88,134
2013-01-29 19:31:01,enderw88,135
2013-01-29 19:48:14,enderw88,136
2013-01-29 21:12:02,enderw88,137
2013-01-29 21:16:35,enderw88,138
2013-01-30 20:32:33,enderw88,139
2013-01-30 22:37:15,enderw88,140
2013-01-30 23:45:19,enderw88,141
2013-01-31 04:51:18,enderw88,142
2013-02-01 05:18:29,enderw88,143
2013-02-01 17:22:45,enderw88,144
2013-02-01 23:17:18,enderw88,145
2013-02-08 10:45:32,vanicat,146
2013-02-08 17:48:20,vanicat,147
2013-02-09 04:40:25,hrj,148
2013-02-09 14:23:19,vanicat,151
2013-02-09 14:34:46,vanicat,152
2013-02-09 15:51:01,vanicat,153
2013-02-10 08:26:17,vanicat,154
2013-02-13 16:54:34,vanicat,155
2013-02-17 21:46:26,tubaman,156
2013-02-18 19:13:52,bkuhn,157
2013-02-19 14:14:19,bkuhn,158
2013-02-20 12:52:06,bkuhn,159
2013-03-01 09:23:29,vanicat,160
2013-03-08 23:00:50,davidkeegan,162
2013-03-09 18:42:30,davidkeegan,163
2013-03-20 22:44:54,vanicat,165
2013-03-21 13:00:13,vanicat,166
2013-03-21 20:48:46,vanicat,167
2013-03-21 22:32:01,vanicat,168
2013-03-30 16:42:05,vanicat,169
2013-04-10 10:00:18,georgek,171
2013-04-11 09:54:18,georgek,172
2013-04-14 11:39:00,davidkeegan,174
2013-04-14 22:45:34,thdox,175
2013-04-16 15:52:06,georgek,176
2013-04-16 21:21:21,thdox,177
2013-04-21 13:17:29,georgek,178
2013-04-22 20:50:58,thdox,179
2013-04-24 22:11:13,thdox,180
2013-04-27 12:05:39,jvrsantacruz,181
2013-04-27 13:37:35,thdox,182
2013-04-29 20:37:31,thdox,183
2013-05-01 19:03:05,thdox,184
2013-05-10 16:47:06,bkuhn,185
2013-05-20 21:28:29,thdox,187
2013-05-22 19:21:12,tarleb,188
2013-05-23 15:27:39,Travis-Snoozy,189
2013-06-01 12:02:31,thdox,190
2013-06-01 16:31:34,thdox,191
2013-06-02 15:35:57,thdox,192
2013-06-03 20:45:04,thdox,194
2013-06-15 23:51:47,code-affinity,195
2013-06-26 14:21:42,vanicat,197
2013-07-09 14:42:14,errge,198
2013-07-10 21:20:29,bkuhn,199
2013-07-11 23:08:04,errge,200
2013-07-12 18:28:58,bkuhn,201
2013-07-14 19:15:49,bkuhn,202
2013-08-12 15:52:03,vanicat,205
2013-08-21 13:30:34,skaczor,206
2013-09-07 07:43:53,afh,207
2013-09-07 11:00:31,vkurup,208
2013-09-08 09:20:17,wcravens,209
2013-09-18 21:52:18,kfogel,210
2013-09-21 14:57:49,mneilsen,211
2013-09-24 19:55:22,bentglasstube,212
2013-09-28 18:04:53,kain88-de,213
2013-11-03 21:35:11,purcell,214
2013-11-05 11:47:54,johannesgerer,215
2013-11-05 15:12:21,johannesgerer,216
2013-11-26 12:17:41,vanicat,217
2013-11-26 12:25:43,vanicat,218
2013-12-09 00:51:20,chrisbarrett,219
2013-12-09 19:14:26,purcell,220
2013-12-09 20:41:30,purcell,221
2013-12-09 21:19:57,purcell,222
2013-12-12 18:00:20,vanicat,223
2013-12-16 02:13:46,holomorph,224
2013-12-23 13:07:05,4ourbit,225
2013-12-30 00:50:30,the-kenny,226
2013-12-31 02:21:47,4ourbit,227
2014-01-02 17:47:11,the-kenny,228
2014-01-04 12:00:00,EvilBit,229
2014-01-06 17:38:12,purcell,230
2014-01-27 20:12:42,afh,231
2014-01-31 22:00:39,afh,232
2014-01-31 22:14:37,afh,233
2014-02-01 15:22:48,afh,234
2014-02-02 09:18:18,afh,235
2014-02-02 11:37:11,afh,236
2014-02-03 11:12:52,afh,237
2014-02-03 21:53:27,mbork,238
2014-02-04 20:59:18,afh,239
2014-02-09 06:56:39,afh,240
2014-02-09 08:00:11,afh,241
2014-02-12 09:44:49,afh,242
2014-02-13 10:47:11,kanru,243
2014-02-17 06:28:04,mvz,244
2014-02-19 05:53:47,afh,245
2014-02-22 14:00:39,lawilliams,246
2014-02-25 21:54:20,ecraven,247
2014-02-26 11:41:51,ecraven,248
2014-02-26 22:52:18,ecraven,249
2014-02-27 09:27:26,ecraven,250
2014-03-03 21:37:27,ecraven,251
2014-03-04 09:08:31,ecraven,252
2014-03-05 13:50:09,ecraven,253
2014-03-10 11:17:51,afh,254
2014-03-10 12:31:32,ecraven,255
2014-03-14 08:59:23,ecraven,256
2014-03-14 10:26:55,ecraven,257
2014-03-21 19:57:13,kain88-de,258
2014-03-23 01:11:36,vincentbernat,259
2014-03-23 23:31:58,jamielinux,260
2014-03-23 23:43:17,jamielinux,261
2014-03-27 05:51:33,merriam,262
2014-03-27 07:52:04,afh,263
2014-03-28 18:23:20,merriam,264
2014-03-30 01:53:34,merriam,265
2014-03-30 18:28:03,merriam,266
2014-03-31 22:41:49,merriam,267
2014-04-01 20:07:16,merriam,268
2014-04-02 17:19:46,merriam,269
2014-04-02 22:13:34,matled,270
2014-04-03 15:19:06,cgar,271
2014-04-04 16:58:43,merriam,272
2014-04-07 06:46:00,merriam,273
2014-04-08 02:23:21,merriam,274
2014-04-09 04:45:34,merriam,275
2014-04-14 17:58:03,holomorph,276
2014-04-15 01:29:12,tripun,277
2014-04-23 10:01:57,afh,278
2014-04-23 16:09:46,csrhodes,279
2014-04-23 16:47:32,csrhodes,280
2014-04-27 08:10:49,afh,281
2014-04-27 18:47:08,jamielinux,282
2014-05-05 04:52:12,afh,283
2014-05-08 10:08:08,afh,284
2014-05-09 20:12:36,purcell,285
2014-05-11 09:24:55,thdox,286
2014-05-11 15:41:42,thdox,287
2014-05-11 18:35:18,thdox,288
2014-05-13 15:27:19,csrhodes,289
2014-05-16 02:28:43,tubaman,290
2014-05-17 11:30:05,thdox,291
2014-05-17 14:55:40,thdox,292
2014-05-17 17:39:48,thdox,293
2014-05-17 18:20:45,thdox,294
2014-05-17 21:44:19,thdox,295
2014-05-18 08:27:30,thdox,296
2014-05-18 09:34:45,thdox,297
2014-05-18 18:19:41,yaccz,298
2014-06-05 12:20:45,bkuhn,299
2014-06-05 21:34:32,jacknagel,300
2014-06-13 18:55:22,csrhodes,301
2014-06-22 13:39:17,thdox,302
2014-06-22 13:50:38,thdox,303
2014-06-22 14:13:42,thdox,304
2014-06-27 19:47:09,thdox,305
2014-06-30 17:48:54,maxsatula,306
2014-07-03 21:31:13,redstreet,307
2014-07-09 12:38:12,vanicat,308
2014-07-12 08:58:23,holomorph,309
2014-07-15 01:09:15,tbm,310
2014-07-24 16:08:24,tripun,311
2014-07-30 13:01:23,tripun,312
2014-08-03 15:26:39,tripun,313
2014-08-09 19:30:38,tripun,314
2014-08-10 08:04:56,tripun,315
2014-08-10 21:22:03,tripun,316
2014-08-17 21:19:28,tripun,317
2014-08-26 13:12:02,joegallo,318
2014-08-28 15:25:29,joegallo,319
2014-09-08 16:43:25,morninj,320
2014-09-09 22:42:44,kljohann,321
2014-09-14 20:04:51,kain88-de,322
2014-09-14 21:38:32,kain88-de,323
2014-09-15 18:05:01,cgar,324
2014-09-18 14:13:09,sykora,325
2014-09-21 23:49:16,felixrabe,326
2014-10-19 12:17:22,lrcg,327
2014-11-13 05:31:33,listx,328
2014-11-13 06:58:37,eliptus,329
2014-11-13 06:59:20,eliptus,330
2014-11-27 11:32:25,rnkn,331
2014-11-27 14:52:52,rnkn,332
2014-11-29 08:10:37,afh,333
2014-11-29 10:43:10,afh,334
2014-11-29 15:13:17,afh,335
2014-12-01 21:06:16,csrhodes,336
2014-12-03 21:24:10,afh,337
2014-12-08 02:42:51,happyalu,338
2014-12-11 20:58:07,adrianheine,339
2014-12-16 18:39:08,afh,340
2014-12-21 14:05:36,zt9,341
2014-12-21 19:56:50,afh,342
2014-12-21 19:57:04,afh,343
2014-12-22 09:05:12,thdox,344
2014-12-22 19:09:57,afh,345
2014-12-23 22:52:51,afh,346
2014-12-24 09:01:08,afh,347
2014-12-24 09:07:29,afh,348
2014-12-24 09:09:44,afh,349
2014-12-24 09:39:43,afh,350
2014-12-24 10:02:26,afh,351
2014-12-24 11:45:25,afh,352
2014-12-25 11:31:10,afh,353
2014-12-26 14:59:06,guivho,354
2014-12-27 11:10:56,afh,355
2014-12-29 10:09:19,afh,356
2014-12-29 11:46:43,afh,357
2014-12-30 09:45:35,afh,358
2014-12-30 12:19:56,afh,359
2015-01-03 18:13:13,jmgpena,360
2015-01-03 23:42:40,lowdef,361
2015-01-04 13:31:20,lowdef,362
2015-01-04 21:57:44,lowdef,363
2015-01-08 23:07:12,jostber,364
2015-01-10 15:27:52,afh,365
2015-01-10 21:45:28,afh,366
2015-01-10 23:16:41,knazarov,367
2015-01-10 23:36:53,knazarov,368
2015-01-12 09:56:44,afh,369
2015-01-12 17:08:27,jostber,370
2015-01-14 17:42:31,aleksejrs,371
2015-01-18 12:36:04,marcowahl,372
2015-01-19 16:31:11,afh,373
2015-01-19 19:56:32,thdox,374
2015-01-19 22:08:22,thdox,375
2015-01-20 12:38:46,thdox,376
2015-01-20 12:46:16,thdox,377
2015-01-20 12:54:37,kain88-de,378
2015-01-20 20:54:14,afh,379
2015-01-21 00:01:42,thdox,380
2015-01-21 09:52:51,thdox,381
2015-01-22 00:13:21,thdox,382
2015-01-22 01:21:02,thdox,383
2015-01-28 22:16:19,thdox,384
2015-02-05 10:52:50,ecraven,385
2015-02-08 16:34:08,thdox,386
2015-02-08 16:38:59,thdox,387
2015-02-08 16:41:53,thdox,388
2015-02-10 20:56:41,thdox,389
2015-02-12 22:54:38,thdox,390
2015-02-12 23:02:21,thdox,391
2015-02-19 23:04:49,thdox,392
2015-02-21 18:14:23,thdox,393
2015-02-21 19:04:22,thdox,394
2015-02-22 10:56:37,thdox,395
2015-02-22 15:54:22,thdox,396
2015-02-22 15:59:18,thdox,397
2015-02-22 17:23:03,thdox,398
2015-02-23 22:36:19,thdox,399
2015-02-23 23:13:54,jaccarmac,400
2015-02-24 18:30:52,thdox,401
2015-02-24 19:35:16,thdox,402
2015-02-25 18:30:51,thdox,403
2015-02-25 18:35:02,thdox,404
2015-02-26 11:23:49,thdox,405
2015-03-10 15:52:01,kk12l,406
2015-03-12 15:48:50,kk12l,407
2015-03-13 01:56:12,kk12l,408
2015-04-05 14:13:19,thdox,409
2015-04-05 14:15:44,thdox,410
2015-04-05 14:16:25,thdox,411
2015-04-05 14:17:09,thdox,412
2015-04-18 20:41:52,thdox,413
2015-04-27 14:13:59,davidsklar,414
2015-05-04 21:58:07,tdsmith,415
2015-05-10 03:07:09,tdsmith,416
2015-05-11 13:55:20,kljohann,417
2015-05-30 17:32:22,egh,418
2015-06-29 01:53:20,kanru,419
2015-07-06 17:16:05,alanpearce,420
2015-07-15 23:21:25,cwarden,421
2015-07-27 19:39:13,jwakely,422
2015-08-04 21:54:09,jwiegley,423
2015-08-04 22:10:57,thdox,424
2015-08-08 10:44:08,thdox,425
2015-08-22 22:29:44,andschwa,426
2015-09-17 05:26:02,paulbdavis,427
2015-09-18 05:44:29,paulbdavis,428
2015-09-18 13:32:24,paulbdavis,429
2015-09-18 19:00:12,thdox,430
2015-09-19 12:01:12,Fuco1,431
2015-09-21 19:26:56,Fuco1,432
2015-09-21 19:27:24,Fuco1,433
2015-09-28 16:09:43,Fuco1,434
2015-10-01 18:44:28,Fuco1,435
2015-10-09 16:12:04,Fuco1,436
2015-10-14 19:40:12,Fuco1,437
2015-10-29 17:10:58,leethargo,438
2015-11-11 14:15:55,cerk,439
2015-11-29 09:17:00,mlang,440
2015-12-30 05:47:47,fraga,441
2016-01-08 20:49:14,dnicolodi,442
2016-01-11 20:19:52,afh,443
2016-01-16 21:59:29,gpoul,444
2016-01-25 08:18:34,nchelluri,445
2016-02-06 00:48:37,Rudd-O,446
2016-02-06 01:35:50,tarsius,447
2016-02-29 01:34:17,enderw88,448
2016-03-05 03:40:37,ppickfor,449
2016-03-14 00:31:17,ppickfor,450
2016-03-23 05:05:05,mk12,451
2016-04-05 20:20:23,MarkusTeufelberger,452
2016-04-06 22:17:56,tarsius,453
2016-05-04 15:10:04,rudolfochrist,454
2016-05-28 13:41:24,vanicat,455
2016-06-17 15:33:35,jaccarmac,456
2016-06-18 04:30:42,kalafut,457
2016-06-28 16:37:16,arademaker,458
2016-07-15 03:29:26,atheriel,459
2016-07-16 17:45:47,atheriel,460
2016-08-01 21:34:35,gunnarx,461
2016-08-13 20:54:16,schmave,462
2016-09-05 19:49:02,CandyAngel,463
2016-09-08 17:38:09,srbaker,464
2016-09-12 10:52:26,dkasak,465
2016-09-17 17:57:50,schmave,466
2016-09-23 01:07:36,schmave,467
2016-10-02 08:24:33,Vanav,468
2016-10-03 00:22:47,schmave,469
2016-10-03 00:23:19,schmave,470
2016-10-03 00:24:07,schmave,471
2016-10-05 04:42:13,mk12,472
2016-10-11 13:45:36,schmave,473
2016-10-27 19:34:54,thdox,474
2016-11-01 14:39:45,thdox,475
2016-11-01 15:05:30,thdox,476
2016-11-01 15:45:42,thdox,477
2016-11-01 17:40:06,thdox,478
2016-11-01 18:00:45,thdox,479
2016-11-12 23:49:19,ginabythebay,480
2016-11-13 19:24:38,ginabythebay,481
2016-11-17 02:20:39,AndrewSav,482
2016-12-03 10:07:53,andreas-h,483
2016-12-20 22:36:49,mk12,484
2017-01-10 07:45:01,abourget,485
2017-01-27 12:53:08,RusAlex,486
2017-02-17 10:36:09,craig9,487
2017-02-23 23:14:37,bkuhn,488
2017-04-12 04:20:56,AustinWise,489
2017-04-16 22:07:13,sunny256,490
2017-05-29 01:14:49,lrcg,491
2017-06-16 17:45:37,CrackedP0t,492
2017-10-26 22:17:04,escondida,493
2017-10-26 22:50:11,jjlee,494
2017-10-26 22:53:35,jjlee,495
2017-10-30 04:56:07,immae,496
2017-10-30 10:15:08,mbudde,497
2017-11-02 13:53:03,JDemler,498
2017-12-15 16:20:30,d-e-s-o,499
2017-12-16 02:00:09,d-e-s-o,500
2017-12-20 18:25:12,d-e-s-o,501
2017-12-25 03:10:06,kylef,502
2017-12-29 02:29:00,ghost91-,503
2017-12-31 19:55:41,kylef,504
2018-01-01 12:37:47,mbudde,505
2018-01-03 20:48:55,pfsmorigo,506
2018-01-03 22:21:31,kylef,507
2018-01-04 17:31:42,mbudde,508
2018-01-09 22:55:32,AerialX,509
2018-01-23 04:06:15,kylef,511
2018-01-25 18:32:44,mbudde,519
2018-01-25 20:27:14,mbudde,521
2018-01-26 11:55:46,pfsmorigo,522
2018-01-31 23:16:06,camponez,526
2018-01-31 23:58:11,camponez,527
2018-02-14 11:09:49,mthurman,537
2018-02-19 21:55:38,scfc,540
2018-03-23 22:20:35,dedmons,552
2018-04-05 03:41:27,smr894,557
2018-04-07 23:50:33,vHanda,561
2018-06-09 22:53:29,Christoph-D,1649
2018-06-10 04:19:37,colindean,1650
2018-06-10 12:23:32,Christoph-D,1651
2018-06-13 16:38:05,tko,1653
2018-06-25 10:41:43,nagakiran,1657
2018-07-08 22:09:52,scarpent,1665
2018-07-09 12:14:42,jbeich,1666
2018-07-17 22:34:01,pascalfleury,1667
2018-08-02 12:39:48,scarpent,1672
2018-08-09 10:05:38,bruno-,1673
2018-11-18 18:56:01,GeorgLink,1691
2018-12-30 12:21:50,Christoph-D,1698
2019-01-12 17:34:45,scfc,1704
2019-01-12 20:08:48,scfc,1705
2019-01-12 23:25:44,scfc,1707
2019-01-13 02:31:26,scfc,1708
2019-01-13 04:01:36,scfc,1710
2019-01-13 07:14:39,pestophagous,1711
2019-01-13 16:04:08,scfc,1712
2019-01-13 17:13:50,scfc,1713
2019-01-13 17:51:18,scfc,1714
2019-01-13 21:19:25,scfc,1715
2019-01-13 22:08:14,pascalfleury,1716
2019-01-13 23:11:19,pascalfleury,1717
2019-01-14 18:36:34,scfc,1718
2019-01-14 20:29:59,scfc,1719
2019-01-15 00:36:22,scfc,1720
2019-01-16 11:48:05,scfc,1724
2019-01-16 11:57:34,scfc,1725
2019-01-16 14:44:16,scfc,1726
2019-01-16 15:14:25,scfc,1727
2019-01-16 15:14:34,scfc,1728
2019-01-16 15:20:52,scfc,1729
2019-01-16 15:21:09,scfc,1730
2019-01-16 15:35:15,scfc,1731
2019-01-16 15:35:30,scfc,1732
2019-01-17 00:29:03,pascalfleury,1733
2019-01-17 17:48:53,tko,1734
2019-01-17 23:32:07,scfc,1735
2019-01-18 00:14:50,scfc,1736
2019-01-19 22:02:47,scfc,1737
2019-01-22 02:57:46,scfc,1742
2019-01-22 14:48:09,scfc,1743
2019-01-22 15:44:35,scfc,1744
2019-01-22 18:44:38,mbudde,1745
2019-01-22 20:29:14,scfc,1746
2019-01-25 12:54:40,GonzaloRizzo,1749
2019-01-26 08:50:32,mbudde,1750
2019-01-26 18:38:43,scfc,1751
2019-01-28 18:02:18,mbudde,1752
2019-01-30 00:36:34,scfc,1755
2019-01-30 01:55:14,jwiegley,1756
2019-02-08 09:22:06,deild,1760
2019-02-16 21:46:30,mbudde,1766
2019-02-23 13:38:35,mbudde,1767
2019-03-05 19:52:46,alberto56,1769
2019-03-21 23:39:10,GeorgLink,1776
2019-03-23 14:13:23,GeorgLink,1777
2019-03-23 14:23:07,GeorgLink,1778
2019-03-23 14:52:26,GeorgLink,1779
2019-03-31 11:42:23,mbudde,1782
