date,author,number
2010-11-09 15:20:11,jwiegley,18
2011-02-04 12:50:13,jwiegley,18
2011-03-08 01:34:17,jwiegley,23
2011-03-08 16:15:45,afh,23
2011-05-09 18:36:28,kljohann,26
2011-07-20 04:30:38,jwiegley,29
2011-09-01 22:42:03,simonmichael,38
2011-09-08 07:34:44,dgilman,38
2011-09-21 13:23:26,enderw88,38
2011-09-21 17:32:34,dgilman,38
2011-09-21 22:24:20,enderw88,38
2011-10-03 04:13:09,enderw88,38
2011-10-04 19:28:56,jwiegley,41
2011-10-04 19:37:50,enderw88,41
2012-02-29 22:06:29,jwiegley,46
2012-03-01 00:04:10,enderw88,46
2012-03-01 00:28:52,jwiegley,46
2012-03-01 01:17:43,enderw88,46
2012-03-18 16:05:31,enderw88,60
2012-04-22 14:19:20,kljohann,64
2012-10-15 22:35:02,kljohann,88
2012-10-18 20:31:40,jwiegley,88
2012-10-18 20:40:09,jwiegley,88
2012-10-15 10:34:49,jeroendv,89
2012-10-15 16:46:22,jwiegley,89
2012-10-18 20:42:38,jwiegley,90
2012-10-27 02:26:35,kljohann,92
2012-10-23 21:22:09,enderw88,94
2012-11-19 23:45:11,kljohann,108
2012-11-26 18:42:46,bkuhn,109
2013-01-14 21:27:28,kljohann,119
2013-01-14 22:45:39,jwiegley,121
2013-01-15 20:25:56,kljohann,121
2013-01-29 12:13:21,jwiegley,127
2013-01-29 15:55:26,enderw88,127
2013-01-29 16:04:13,jwiegley,127
2013-01-31 10:45:56,kljohann,140
2013-01-31 10:55:07,jwiegley,140
2013-01-31 13:28:19,enderw88,140
2013-02-01 06:15:35,jwiegley,143
2013-02-01 13:06:52,enderw88,143
2013-02-01 14:43:28,jwiegley,143
2013-02-08 13:02:17,enderw88,146
2013-02-08 18:09:06,enderw88,147
2013-02-08 19:32:50,enderw88,147
2013-02-08 20:20:09,vanicat,147
2013-02-08 20:47:26,enderw88,147
2013-02-09 15:58:34,enderw88,153
2013-02-09 18:32:13,vanicat,153
2013-02-09 21:48:44,enderw88,153
2013-02-10 15:38:56,enderw88,154
2013-03-01 13:34:52,enderw88,160
2013-03-08 23:11:32,enderw88,162
2013-03-08 23:19:56,davidkeegan,162
2013-03-08 23:28:54,enderw88,162
2013-03-08 23:30:41,davidkeegan,162
2013-03-09 00:21:31,enderw88,162
2013-03-09 13:41:10,davidkeegan,162
2013-03-09 13:41:41,davidkeegan,162
2013-03-09 22:10:20,enderw88,163
2013-03-20 23:01:20,thdox,165
2013-03-20 23:03:54,enderw88,165
2013-03-21 04:15:32,enderw88,165
2013-03-21 05:23:22,enderw88,165
2013-03-21 07:50:56,vanicat,165
2013-03-21 20:04:53,thdox,165
2013-03-21 20:51:34,vanicat,165
2013-03-21 21:04:49,thdox,165
2013-03-21 21:06:45,enderw88,165
2013-03-21 21:59:32,thdox,165
2013-03-21 22:02:00,enderw88,165
2013-03-21 21:52:11,enderw88,167
2013-03-21 22:14:43,vanicat,167
2013-03-21 23:43:51,enderw88,167
2013-03-23 21:15:49,enderw88,168
2013-03-30 17:34:54,enderw88,169
2013-03-31 14:21:35,vanicat,169
2013-03-31 16:14:13,enderw88,169
2013-03-31 19:18:56,vanicat,169
2013-03-31 19:52:05,enderw88,169
2013-04-11 13:23:25,enderw88,172
2013-04-11 13:41:56,georgek,172
2013-04-11 13:45:38,enderw88,172
2013-04-11 14:41:34,georgek,172
2013-04-13 21:03:08,georgek,172
2013-04-13 21:23:23,enderw88,172
2013-04-13 21:38:36,georgek,172
2013-04-13 21:41:58,enderw88,172
2013-04-13 22:11:32,jwiegley,172
2013-04-13 23:31:36,enderw88,172
2013-05-01 21:56:59,thdox,178
2013-05-01 22:02:54,enderw88,178
2013-04-29 21:39:52,jwiegley,183
2013-05-01 19:04:42,jwiegley,184
2013-07-09 15:56:44,enderw88,198
2013-07-09 16:21:13,errge,198
2013-07-11 23:11:28,enderw88,200
2013-07-11 23:19:22,errge,200
2013-08-21 13:54:38,jwiegley,206
2013-08-21 14:00:52,enderw88,206
2013-08-21 14:01:43,jwiegley,206
2013-08-21 14:11:12,enderw88,206
2013-08-21 14:13:16,jwiegley,206
2013-08-21 14:27:13,enderw88,206
2013-08-21 15:07:42,skaczor,206
2013-09-07 16:03:00,afh,207
2013-09-07 17:49:11,jwiegley,207
2013-09-07 16:56:06,enderw88,208
2013-09-08 17:58:34,vkurup,208
2013-09-24 22:35:18,enderw88,212
2013-09-24 22:40:22,bentglasstube,212
2013-11-05 15:59:18,enderw88,216
2013-11-05 20:29:56,johannesgerer,216
2013-11-05 21:21:41,kljohann,216
2013-11-05 21:28:13,jwiegley,216
2014-01-04 10:24:37,leoc,216
2014-01-06 16:42:01,jwiegley,216
2014-01-28 05:24:19,leoc,216
2014-03-28 01:25:14,enderw88,216
2014-03-28 03:39:27,jwiegley,216
2014-12-07 01:44:55,johannesgerer,216
2014-12-08 19:07:05,jwiegley,216
2015-08-04 21:23:56,jwiegley,216
2015-08-04 21:53:58,jwiegley,216
2015-08-04 21:56:43,jwiegley,216
2015-08-05 06:10:43,johannesgerer,216
2015-08-05 17:04:13,jwiegley,216
2015-08-05 17:05:56,jwiegley,216
2015-08-06 23:47:57,johannesgerer,216
2015-08-07 00:05:40,jwiegley,216
2013-11-26 17:59:35,enderw88,217
2013-12-09 01:56:27,enderw88,219
2013-12-09 02:33:40,chrisbarrett,219
2013-12-09 02:53:36,enderw88,219
2013-12-09 03:26:14,chrisbarrett,219
2013-12-09 04:07:23,enderw88,219
2013-12-09 14:34:18,chrisbarrett,219
2013-12-09 14:38:23,enderw88,219
2013-12-09 21:40:48,chrisbarrett,219
2013-12-09 20:17:39,purcell,220
2013-12-09 20:19:50,enderw88,220
2013-12-09 20:19:52,purcell,220
2013-12-09 20:20:31,purcell,220
2013-12-09 20:21:48,enderw88,220
2013-12-09 20:23:50,purcell,220
2013-12-09 22:31:24,jwiegley,221
2013-12-09 22:33:22,jwiegley,222
2013-12-10 08:30:26,purcell,222
2013-12-11 08:39:32,purcell,222
2013-12-16 17:18:12,kljohann,224
2013-12-30 09:24:09,purcell,226
2013-12-31 10:32:00,purcell,227
2013-12-31 14:57:46,enderw88,227
2013-12-31 22:02:38,enderw88,227
2014-01-01 21:16:54,4ourbit,227
2014-01-02 09:30:42,purcell,227
2014-01-07 01:14:08,4ourbit,227
2014-01-07 03:03:05,enderw88,227
2014-01-07 06:00:39,jwiegley,227
2014-01-07 10:21:40,purcell,227
2014-01-07 13:00:37,enderw88,227
2014-01-07 13:28:40,purcell,227
2014-01-07 16:26:23,4ourbit,227
2014-01-07 16:27:39,enderw88,227
2014-01-07 19:51:39,jwiegley,227
2014-01-07 20:27:10,enderw88,227
2014-01-07 20:36:26,purcell,227
2014-01-06 10:04:14,kljohann,229
2014-01-06 13:29:18,enderw88,229
2014-01-25 13:20:37,kljohann,229
2014-01-28 00:59:12,jwiegley,231
2014-01-28 10:34:14,afh,231
2014-01-28 22:36:49,kain88-de,231
2014-01-29 07:41:31,afh,231
2014-01-29 15:41:22,afh,231
2014-01-29 19:41:13,kain88-de,231
2014-01-29 22:08:54,afh,231
2014-01-30 10:15:15,kain88-de,231
2014-01-30 11:27:07,afh,231
2014-01-30 20:13:15,kain88-de,231
2014-01-31 05:55:18,jwiegley,231
2014-01-31 13:04:25,kljohann,231
2014-01-31 16:45:18,afh,231
2014-01-31 16:46:06,afh,231
2014-01-31 16:46:32,afh,231
2014-01-31 19:30:53,kain88-de,231
2014-01-31 19:36:46,kljohann,231
2014-01-31 19:51:28,kain88-de,231
2014-01-31 19:57:54,kljohann,231
2014-01-31 20:03:24,kain88-de,231
2014-01-31 20:07:04,kljohann,231
2014-01-31 20:10:02,kain88-de,231
2014-01-31 20:40:48,afh,231
2014-01-31 20:55:02,kljohann,231
2014-01-31 21:07:42,afh,231
2014-01-31 22:14:17,kljohann,231
2014-02-01 20:12:58,kljohann,231
2014-02-01 00:51:03,kljohann,232
2014-02-01 09:53:33,afh,232
2014-02-01 20:11:16,kljohann,232
2014-02-01 11:45:25,afh,233
2014-02-01 12:11:28,kljohann,233
2014-02-01 12:31:02,kljohann,233
2014-02-01 12:51:00,afh,233
2014-02-01 15:24:10,afh,233
2014-02-01 19:05:53,kljohann,233
2014-02-01 19:19:07,afh,233
2014-02-01 20:10:28,kljohann,233
2014-02-01 20:15:57,kljohann,233
2014-02-01 20:44:52,afh,233
2014-02-01 20:13:38,kljohann,234
2014-02-04 14:12:43,afh,237
2014-02-04 13:29:37,jwiegley,238
2014-02-04 13:36:15,enderw88,238
2014-02-04 13:45:31,purcell,238
2014-02-04 13:45:49,purcell,238
2014-02-04 13:45:53,vkurup,238
2014-02-04 14:02:25,enderw88,238
2014-02-04 14:03:14,purcell,238
2014-02-04 14:05:39,purcell,238
2014-02-04 14:16:18,georgek,238
2014-02-09 18:31:19,enderw88,240
2014-02-09 22:18:49,afh,240
2014-02-10 09:28:55,purcell,240
2014-02-25 22:08:02,enderw88,247
2014-02-25 22:15:55,ecraven,247
2014-02-25 22:39:00,enderw88,247
2014-02-26 00:17:08,ecraven,247
2014-02-26 00:32:31,ecraven,247
2014-02-26 00:50:34,ecraven,247
2014-02-26 01:42:43,jwiegley,247
2014-02-26 08:30:36,ecraven,247
2014-02-26 11:42:49,ecraven,248
2014-03-04 09:39:20,jwiegley,252
2014-03-04 16:54:53,enderw88,252
2014-03-05 14:00:43,purcell,253
2014-03-05 19:29:40,enderw88,253
2014-03-06 10:14:00,afh,253
2014-03-10 14:13:03,purcell,255
2014-03-14 09:30:40,purcell,256
2014-03-14 11:56:30,purcell,257
2014-03-25 16:39:04,jwiegley,258
2014-03-25 16:48:52,kain88-de,258
2014-03-25 16:56:54,jwiegley,258
2014-03-25 19:55:31,kain88-de,258
2014-03-23 01:15:40,enderw88,259
2014-03-23 01:20:56,vincentbernat,259
2014-03-23 01:48:54,enderw88,259
2014-03-23 08:31:46,vincentbernat,259
2014-03-23 09:54:42,purcell,259
2014-03-23 10:33:46,kljohann,259
2014-03-27 13:04:13,enderw88,262
2014-03-28 00:58:03,merriam,262
2014-03-30 19:07:26,purcell,266
2014-04-01 07:13:01,purcell,267
2014-05-11 16:07:47,enderw88,271
2014-04-04 18:05:49,jwiegley,272
2014-04-04 19:12:54,enderw88,272
2014-04-04 19:26:22,purcell,272
2014-04-04 19:38:56,merriam,272
2014-04-04 19:46:32,enderw88,272
2014-04-04 20:31:25,merriam,272
2014-04-05 06:20:23,merriam,272
2014-04-05 07:10:26,merriam,272
2014-04-08 03:42:05,enderw88,274
2014-04-08 05:19:52,merriam,274
2014-04-08 09:39:55,enderw88,274
2014-04-08 15:13:04,merriam,274
2014-04-14 17:59:01,holomorph,276
2014-05-10 08:09:18,afh,276
2014-05-10 13:42:19,holomorph,276
2014-05-10 13:49:21,kljohann,276
2014-05-10 13:51:54,kljohann,276
2014-05-10 15:31:01,afh,276
2014-05-11 16:13:18,enderw88,277
2014-05-11 18:13:58,jwiegley,277
2014-05-11 18:47:32,tripun,277
2014-04-23 16:27:23,enderw88,279
2014-04-24 03:05:06,enderw88,280
2014-04-24 05:02:29,jwiegley,280
2014-05-05 14:16:56,afh,282
2014-05-05 15:20:31,afh,282
2014-05-13 15:39:59,tbm,289
2014-05-13 16:03:12,csrhodes,289
2014-05-13 18:17:27,enderw88,289
2014-05-13 18:27:36,csrhodes,289
2014-05-18 13:13:22,tbm,297
2014-05-18 20:08:54,tbm,298
2014-05-18 20:54:31,yaccz,298
2014-05-18 23:51:00,enderw88,298
2014-05-19 00:50:11,linuxcaffe,298
2014-05-26 19:55:44,yaccz,298
2015-08-04 21:17:36,jwiegley,298
2014-06-26 01:37:33,tbm,301
2014-06-26 01:39:07,enderw88,301
2014-06-22 13:58:09,tbm,302
2014-06-22 14:21:36,thdox,302
2014-06-27 22:54:12,tbm,305
2014-06-27 23:01:33,enderw88,305
2014-06-27 23:07:09,tbm,305
2014-06-27 23:08:44,enderw88,305
2014-06-28 07:35:18,thdox,305
2014-06-28 11:42:55,tbm,305
2015-08-04 21:20:32,jwiegley,305
2014-07-12 09:50:47,purcell,309
2014-07-24 19:41:46,jwiegley,311
2014-07-25 01:44:40,tripun,311
2015-08-04 21:15:43,jwiegley,312
2015-08-08 16:40:55,thdox,312
2015-08-08 17:04:21,tripun,312
2015-08-08 19:07:03,jwiegley,312
2015-08-08 21:55:25,thdox,312
2016-01-11 20:53:28,afh,312
2016-01-11 21:40:36,jwiegley,312
2014-08-06 08:36:44,tbm,313
2014-08-06 19:13:27,tripun,313
2014-08-08 16:34:47,jwiegley,313
2014-08-09 09:36:45,tbm,313
2014-08-09 10:32:35,tripun,313
2014-08-12 09:19:28,tbm,313
2014-08-09 20:07:43,jwiegley,314
2014-08-10 06:22:40,tripun,314
2014-08-10 06:58:33,tbm,314
2014-08-10 07:11:13,tripun,314
2014-08-12 08:58:04,tbm,316
2014-08-26 19:14:00,jwiegley,318
2014-08-26 20:53:05,tbm,318
2014-08-27 16:56:26,jwiegley,318
2014-08-27 16:56:45,jwiegley,318
2014-08-27 17:23:03,joegallo,318
2014-08-28 02:31:53,jwiegley,318
2014-08-28 14:15:02,joegallo,318
2014-08-28 18:22:19,jwiegley,319
2014-08-28 18:44:31,joegallo,319
2014-09-08 16:51:50,purcell,320
2014-09-11 11:59:04,jwiegley,321
2014-09-11 14:13:10,kljohann,321
2014-09-14 21:40:13,enderw88,323
2014-09-15 07:41:39,purcell,323
2014-09-30 08:39:50,kain88-de,323
2014-10-07 07:12:18,kain88-de,323
2015-01-18 07:38:18,kain88-de,323
2015-01-19 16:42:26,afh,323
2015-01-19 17:05:12,purcell,323
2015-01-19 18:16:00,afh,323
2015-01-19 18:21:30,purcell,323
2015-01-20 09:39:49,kain88-de,323
2015-01-20 10:35:30,afh,323
2015-01-20 12:54:52,kain88-de,323
2014-09-15 18:13:48,purcell,324
2014-11-13 20:30:28,thdox,329
2014-11-13 22:43:32,eliptus,329
2014-11-15 23:38:16,jwiegley,329
2014-11-16 00:04:53,eliptus,329
2014-11-16 06:02:38,jwiegley,329
2014-11-16 16:36:37,eliptus,329
2014-11-16 23:04:03,thdox,329
2014-11-17 00:21:22,jwiegley,329
2014-11-17 00:43:33,enderw88,329
2014-11-17 05:05:30,jwiegley,329
2014-11-17 17:01:45,eliptus,329
2016-01-11 20:52:32,afh,329
2016-01-13 04:06:45,eliptus,329
2016-02-26 07:40:52,pvinis,329
2016-02-28 00:34:57,eliptus,329
2016-05-17 04:13:48,davelab6,329
2014-11-27 17:00:11,enderw88,331
2014-11-28 03:08:20,rnkn,331
2014-11-27 15:08:28,purcell,332
2014-11-27 15:08:57,purcell,332
2014-11-27 15:21:43,rnkn,332
2014-11-27 15:37:43,enderw88,332
2014-11-27 15:43:03,enderw88,332
2014-11-27 15:44:46,enderw88,332
2014-11-27 16:43:43,enderw88,332
2014-11-28 03:12:11,rnkn,332
2014-11-29 14:24:47,enderw88,333
2014-11-29 14:44:45,afh,333
2014-12-01 00:42:45,jwiegley,333
2014-12-01 18:20:35,afh,333
2014-12-01 18:25:31,enderw88,333
2014-12-01 19:08:42,afh,333
2014-12-02 10:06:26,afh,333
2014-11-29 10:46:40,purcell,334
2014-11-29 14:40:10,afh,334
2014-11-29 19:11:18,afh,335
2014-12-16 19:08:31,jwiegley,340
2014-12-16 19:37:22,Ikke,340
2014-12-21 14:21:03,purcell,341
2014-12-21 19:59:16,purcell,343
2014-12-21 20:33:28,afh,343
2014-12-25 01:17:57,jwiegley,348
2014-12-27 08:46:23,afh,348
2014-12-28 00:12:55,jwiegley,348
2014-12-28 07:30:48,afh,348
2014-12-29 22:54:33,jwiegley,348
2014-12-25 01:16:16,jwiegley,349
2014-12-24 11:32:39,afh,350
2014-12-24 13:08:29,afh,351
2014-12-26 18:52:40,enderw88,354
2014-12-26 21:42:26,guivho,354
2014-12-27 00:26:32,enderw88,354
2014-12-28 09:17:50,guivho,354
2014-12-28 16:18:14,enderw88,354
2015-08-04 21:25:20,jwiegley,354
2015-08-05 03:01:01,enderw88,354
2014-12-28 00:12:28,jwiegley,355
2014-12-29 22:55:56,jwiegley,356
2014-12-30 10:25:52,afh,356
2014-12-29 22:55:31,jwiegley,357
2014-12-30 10:27:31,afh,357
2014-12-30 19:45:58,jwiegley,357
2016-05-17 04:14:07,davelab6,357
2017-10-26 22:24:19,jwiegley,357
2018-01-27 07:56:53,afh,357
2014-12-30 19:02:49,afh,359
2015-01-09 09:44:57,afh,364
2015-01-09 16:18:10,jostber,364
2015-01-10 13:13:18,afh,364
2015-01-11 18:57:45,jostber,364
2015-01-12 09:30:01,afh,364
2015-01-12 17:12:10,jostber,364
2015-01-11 14:46:14,afh,365
2015-01-12 09:57:08,afh,365
2015-08-04 21:25:57,jwiegley,366
2015-08-04 23:18:12,afh,366
2015-01-10 23:32:22,afh,367
2015-01-10 23:35:27,knazarov,367
2015-01-11 10:13:06,purcell,367
2015-01-11 15:17:41,afh,367
2015-01-11 15:49:47,purcell,367
2015-01-11 15:55:21,purcell,367
2015-01-11 17:03:39,afh,367
2015-01-11 17:25:44,purcell,367
2015-01-12 20:39:08,afh,367
2015-01-17 14:42:14,jwiegley,367
2015-01-17 16:01:22,purcell,367
2015-01-18 04:49:37,jwiegley,367
2015-01-18 09:33:16,purcell,367
2016-05-24 11:17:09,llcc,367
2015-01-10 23:51:11,afh,368
2015-01-12 17:44:33,jwiegley,369
2015-01-15 12:19:28,yaccz,369
2015-01-15 15:47:15,jwiegley,369
2015-01-15 17:19:07,yaccz,369
2015-01-15 19:52:23,jwiegley,369
2015-01-15 22:18:47,yaccz,369
2015-01-15 22:26:50,jwiegley,369
2015-01-16 17:53:37,afh,369
2015-01-16 22:36:28,yaccz,369
2015-01-16 23:15:03,jwiegley,369
2015-01-20 12:33:07,afh,369
2015-01-20 15:52:41,jwiegley,369
2015-01-20 16:22:13,afh,369
2015-01-20 16:23:48,yaccz,369
2015-01-20 16:39:45,afh,369
2015-01-20 18:59:56,jwiegley,369
2015-01-14 18:16:53,purcell,371
2015-01-14 18:25:46,afh,371
2015-01-14 18:37:08,purcell,371
2015-01-14 18:38:16,aleksejrs,371
2015-01-14 18:38:44,purcell,371
2015-01-18 13:45:32,marcowahl,372
2015-01-22 07:55:09,afh,373
2015-01-27 12:10:58,ecraven,373
2015-01-29 22:35:52,thdox,373
2015-01-30 10:16:47,afh,373
2015-01-20 14:19:19,kain88-de,378
2015-01-20 15:27:59,afh,378
2015-01-20 21:41:01,jwiegley,379
2015-01-21 04:31:28,afh,379
2015-01-21 01:13:42,enderw88,380
2015-01-21 10:02:02,thdox,380
2015-01-21 11:34:47,afh,381
2015-01-21 12:07:04,thdox,381
2015-01-22 00:00:22,thdox,381
2015-01-22 06:22:53,afh,381
2015-01-22 06:40:19,afh,382
2015-01-27 21:00:04,afh,382
2015-01-28 22:44:35,thdox,382
2015-01-29 15:35:56,afh,382
2015-01-27 20:59:59,afh,383
2015-01-28 22:18:18,thdox,383
2015-01-29 12:13:14,afh,384
2015-02-05 14:19:28,enderw88,385
2015-02-05 14:37:15,ecraven,385
2015-02-05 14:38:43,enderw88,385
2015-02-05 14:47:20,ecraven,385
2015-02-06 07:52:27,afh,385
2016-01-11 20:49:53,afh,385
2016-01-12 02:39:44,enderw88,385
2015-02-10 20:31:10,thdox,387
2015-02-11 08:53:31,afh,387
2015-02-08 19:47:06,enderw88,388
2015-02-08 21:23:50,thdox,388
2015-02-10 20:07:12,afh,388
2015-02-10 20:57:06,thdox,388
2015-02-10 22:52:29,jwiegley,388
2015-02-18 22:41:31,thdox,390
2015-02-20 13:16:04,afh,390
2015-02-21 20:20:50,thdox,390
2015-02-13 05:24:52,afh,391
2015-02-13 19:47:43,thdox,391
2015-02-16 11:17:01,afh,391
2015-02-18 18:47:24,thdox,391
2015-02-18 20:38:36,afh,391
2015-02-21 18:40:02,thdox,393
2016-01-11 20:47:58,afh,395
2016-05-17 04:14:27,davelab6,395
2016-10-04 05:35:12,thdox,395
2015-02-23 11:38:42,afh,398
2015-02-23 23:53:04,jaccarmac,400
2015-02-24 08:52:39,thdox,400
2015-02-24 18:54:29,afh,401
2015-02-24 19:42:37,afh,402
2015-03-01 19:02:07,afh,405
2015-04-05 15:13:47,thdox,405
2015-03-10 17:19:29,afh,406
2015-03-11 00:36:42,kk12l,406
2015-03-11 14:07:05,afh,406
2015-03-12 15:57:06,afh,407
2015-03-12 20:57:19,jwiegley,407
2015-03-13 13:13:59,afh,408
2015-08-06 20:01:09,thdox,413
2015-08-06 21:29:04,thdox,413
2015-04-27 14:28:34,jwiegley,414
2015-04-27 14:31:28,davidsklar,414
2015-05-05 02:12:58,jwiegley,415
2015-05-05 02:23:55,tdsmith,415
2015-05-05 03:40:36,tdsmith,415
2015-05-10 03:14:40,tdsmith,416
2015-07-28 18:20:50,afh,416
2015-05-17 14:22:24,thdox,417
2015-05-17 22:59:33,jwiegley,417
2015-06-05 19:06:38,Ikke,417
2015-07-27 11:18:51,jwakely,417
2015-07-27 15:04:26,jwiegley,417
2015-07-27 15:09:32,jwakely,417
2015-07-27 19:15:49,thdox,417
2015-07-27 19:23:45,jwakely,417
2015-05-31 15:01:55,enderw88,418
2015-05-31 17:01:30,egh,418
2015-05-31 17:19:50,egh,418
2015-05-31 17:33:47,egh,418
2015-05-31 17:40:39,egh,418
2015-07-06 19:03:09,enderw88,420
2015-07-27 20:23:19,afh,422
2015-07-27 21:37:40,thdox,422
2015-07-27 21:43:25,thdox,422
2015-07-28 09:25:14,afh,422
2015-07-28 09:48:28,jwakely,422
2015-07-28 16:08:08,Ikke,422
2015-07-28 16:13:34,jwakely,422
2015-07-28 16:15:28,afh,422
2015-07-28 16:16:40,Ikke,422
2015-07-28 16:23:12,jwakely,422
2015-07-28 16:23:53,afh,422
2015-07-28 16:31:00,Ikke,422
2015-08-04 23:20:59,jwiegley,424
2015-08-22 23:05:18,andschwa,426
2015-08-23 01:33:00,enderw88,426
2015-09-17 08:48:20,afh,427
2015-09-18 10:29:51,afh,428
2015-09-19 18:39:05,afh,430
2015-09-21 04:30:17,jwiegley,431
2015-09-21 19:30:07,Fuco1,432
2015-09-28 20:37:39,thdox,434
2015-10-10 21:51:41,jwiegley,434
2015-10-10 22:05:54,Fuco1,434
2015-10-09 16:13:08,Fuco1,436
2015-10-09 16:19:14,Fuco1,436
2015-10-14 19:41:11,Fuco1,437
2015-10-14 21:20:02,jwiegley,437
2015-10-29 17:15:17,afh,438
2015-11-11 14:44:09,afh,439
2015-11-11 16:07:43,cerk,439
2015-11-11 16:56:20,afh,439
2015-11-29 17:20:49,jwiegley,440
2016-01-08 22:42:00,Fuco1,442
2016-01-09 02:23:09,enderw88,442
2016-01-19 13:13:14,afh,443
2016-01-19 16:10:52,jwiegley,443
2016-01-26 13:07:13,afh,445
2016-01-26 18:08:51,nchelluri,445
2016-01-26 18:30:02,afh,445
2016-02-06 15:29:44,afh,446
2016-02-08 04:08:47,Rudd-O,446
2016-02-08 04:19:21,Rudd-O,446
2016-02-08 04:27:52,Rudd-O,446
2016-02-08 04:33:55,Rudd-O,446
2016-02-08 04:58:38,Rudd-O,446
2016-02-08 12:47:39,afh,446
2016-02-09 05:21:33,Rudd-O,446
2016-04-21 13:24:35,afh,446
2016-04-24 22:10:10,Rudd-O,446
2016-03-05 18:00:47,tbm,449
2016-03-05 18:01:35,tbm,449
2016-03-05 23:55:48,ppickfor,449
2016-03-09 20:08:06,ppickfor,449
2016-03-14 14:14:16,jwiegley,450
2016-03-23 06:15:32,mk12,451
2016-03-23 14:14:00,jwiegley,451
2016-03-23 15:47:16,mk12,451
2016-10-04 22:48:49,thdox,451
2016-10-05 04:01:52,mk12,451
2018-04-29 23:17:08,colindean,451
2019-03-06 21:20:39,colindean,451
2019-03-07 03:57:36,mk12,451
2019-03-07 20:22:08,colindean,451
2019-03-07 22:28:48,mk12,451
2019-03-08 23:50:44,colindean,451
2016-04-05 21:23:04,jwiegley,452
2016-04-06 09:06:22,MarkusTeufelberger,452
2016-04-06 15:45:44,jwiegley,452
2016-04-06 16:29:38,MarkusTeufelberger,452
2016-04-06 18:21:32,enderw88,452
2016-08-13 21:05:59,schmave,456
2016-08-14 02:48:31,jaccarmac,456
2016-06-28 16:58:10,jwiegley,458
2016-06-28 22:35:23,arademaker,458
2016-07-16 19:59:22,enderw88,460
2016-08-01 21:39:58,afh,461
2016-08-13 21:00:43,schmave,462
2016-09-07 15:17:29,schmave,462
2016-09-07 15:41:14,tbm,462
2016-09-07 22:11:32,jaccarmac,462
2016-09-17 17:11:23,schmave,462
2016-09-06 09:14:33,afh,463
2016-11-01 11:21:01,CandyAngel,463
2016-11-01 12:26:43,thdox,463
2017-10-26 22:22:00,jwiegley,463
2019-01-14 01:10:37,tbm,463
2016-09-17 18:07:24,IsaacG,465
2016-09-26 07:55:57,samueltardieu,465
2016-09-26 16:20:13,afh,465
2016-09-17 18:05:31,schmave,466
2016-09-17 21:41:23,jwiegley,466
2016-09-18 00:27:02,jaccarmac,466
2016-09-23 01:08:55,schmave,467
2016-10-02 19:19:49,thdox,468
2016-10-03 05:46:31,jwiegley,468
2016-10-03 05:50:17,Vanav,468
2016-10-03 05:52:41,jwiegley,468
2016-10-03 05:47:07,thdox,469
2016-10-05 05:52:47,thdox,472
2016-10-06 17:26:20,mk12,472
2016-10-06 21:32:24,thdox,472
2016-10-08 03:44:14,mk12,472
2016-10-08 19:48:14,thdox,472
2016-10-08 21:15:59,tbm,472
2016-10-09 17:34:23,mk12,472
2016-10-18 05:16:21,thdox,472
2016-10-11 13:52:36,schmave,473
2016-10-27 20:03:00,jwiegley,474
2017-01-16 17:52:35,thdox,475
2017-01-16 17:53:49,thdox,476
2017-01-16 17:54:26,thdox,477
2017-01-16 17:59:30,thdox,478
2016-11-18 00:33:54,AndrewSav,482
2016-12-03 17:33:47,tbm,483
2016-12-21 06:28:49,mk12,484
2017-01-10 12:26:06,enderw88,485
2017-01-10 12:51:09,abourget,485
2017-01-11 01:07:06,enderw88,485
2017-01-11 01:22:29,abourget,485
2017-01-11 03:44:35,enderw88,485
2017-01-11 14:10:32,abourget,485
2017-01-27 18:53:52,tbm,485
2017-01-27 18:52:55,tbm,486
2017-02-17 14:18:50,enderw88,487
2017-02-24 00:51:02,enderw88,488
2017-10-27 04:04:04,jwiegley,494
2017-10-27 04:03:26,jwiegley,495
2018-01-24 17:29:42,cpitclaudel,495
2018-12-09 13:18:19,jjlee,495
2017-10-30 17:27:20,jwiegley,496
2017-11-02 15:11:59,jwiegley,498
2017-12-20 18:52:12,jwiegley,501
2018-01-04 22:28:22,jwiegley,508
2018-01-27 07:42:18,afh,519
2018-01-27 07:55:38,mbudde,519
2018-01-27 08:48:24,afh,519
2018-01-27 08:49:14,afh,519
2018-01-27 09:01:01,jwiegley,519
2018-01-28 10:18:42,mbudde,519
2018-01-28 10:46:00,afh,519
2018-01-28 16:32:23,mbudde,519
2018-01-29 03:55:07,afh,519
2018-02-12 18:43:21,jwiegley,519
2018-02-12 23:58:42,jungle-boogie,519
2018-01-27 07:55:33,afh,521
2018-01-26 16:18:53,cpitclaudel,522
2018-01-26 16:57:45,pfsmorigo,522
2019-03-16 04:51:03,jwiegley,537
2018-02-19 21:59:14,jwiegley,540
2018-02-19 22:00:43,scfc,540
2018-02-19 23:09:37,jwiegley,540
2018-02-19 23:51:34,scfc,540
2018-06-23 19:50:05,nemequ,540
2018-03-24 22:24:53,jwiegley,552
2018-03-25 16:34:34,agarrharr,552
2018-04-05 06:05:27,jwiegley,557
2018-06-10 15:48:58,jwiegley,1651
2018-07-08 22:25:12,tbm,1665
2018-07-09 12:16:22,ilovezfs,1666
2018-07-19 02:18:06,jwiegley,1667
2018-08-04 20:31:05,scarpent,1672
2018-08-07 09:22:13,tbm,1672
2018-08-09 00:38:04,scarpent,1672
2018-11-19 18:16:06,jwiegley,1691
2018-11-19 18:26:44,GeorgLink,1691
2019-01-15 01:28:46,jwiegley,1708
2019-01-13 15:53:59,scfc,1711
2019-01-14 22:51:48,pestophagous,1711
2019-01-14 22:53:29,pestophagous,1711
2019-01-15 01:27:31,jwiegley,1712
2019-01-15 01:26:51,jwiegley,1715
2019-01-16 00:23:30,tbm,1716
2019-01-16 23:53:24,pascalfleury,1716
2019-01-17 00:30:27,pascalfleury,1716
2019-01-14 00:54:43,tbm,1717
2019-01-14 01:03:48,tbm,1717
2019-01-15 01:25:50,jwiegley,1717
2019-01-15 01:23:42,jwiegley,1720
2019-01-16 14:44:57,scfc,1726
2019-01-16 16:18:06,scfc,1727
2019-01-16 16:18:00,scfc,1728
2019-01-16 16:17:54,scfc,1729
2019-01-16 15:35:36,tbm,1730
2019-01-16 16:15:49,scfc,1730
2019-01-16 16:17:48,scfc,1731
2019-01-16 16:17:29,scfc,1732
2019-01-17 20:53:00,pascalfleury,1733
2019-01-19 22:35:51,tbm,1737
2019-01-22 20:46:55,tbm,1745
2019-01-22 20:48:27,tbm,1745
2019-01-23 08:01:58,mbudde,1745
2019-01-25 23:06:39,scfc,1745
2019-01-25 23:19:26,tbm,1745
2019-01-25 23:46:20,scfc,1745
2019-01-22 20:49:36,tbm,1746
2019-01-25 15:05:08,tbm,1746
2019-01-25 14:58:25,tbm,1749
2019-01-26 12:45:32,tbm,1750
2019-01-30 01:56:52,jwiegley,1756
2019-01-30 02:09:10,tbm,1756
2019-01-30 06:03:03,jwiegley,1756
2019-03-16 07:56:01,tbm,1756
2019-03-29 07:03:28,tbm,1766
2019-03-29 16:34:38,mbudde,1766
2019-03-14 16:20:40,crazyh,1769
2019-03-14 17:45:08,alberto56,1769
2019-03-14 19:11:37,crazyh,1769
2019-03-21 20:05:11,alberto56,1769
